BNA,BNA01VB-01
BNA,BNA02VB-01
BNA,BNA03R-02
BNA,BNA03R-02/001
BNA,BNA03R-03
BNA,BNA03R-04
BNA,BNA03R-21
BNA,BNA07VB-01
BSH,BSH01BVB-01
BSH,BSH01R-01
BSH,BSH01VB-01
BSH,BSH02R-01
BSH,BSH02VB-01
BSH,BSH03R-01
BSH,BSH03VB-01
BSH,BSH04R-01
BSH,BSH04VB-01
BSH,BSH05R-01
BSH,BSH05R-02
BSH,BSH05R-04
BSH,BSH05VB-01
BSH,BSH06R-01
BSH,BSH06R-02
BSH,BSH06R-03
BSH,BSH06VB-01
BSH,BSH07VB-01
BSH,BSH08VB-01
BSH,BSH09VB-01
BSH,BSH10R-01
BSH,BSH10VB-01
CAD,CAD04R-02/001
CDA,CDA01B-01
CDA,CDA02B-01
CDA,CDA02R-01
CDA,CDA02R-04
CDA,CDA03B-01
CDA,CDA04B-01
CDA,CDA04R-01
CDA,CDA04R-02
CDA,CDA04R-03
CDA,CDA05B-01
CDA,CDA05R-04
CDA,CDA06B-01
CDA,CDA06R-01
CDA,CDA06R-02
CDA,CDA06R-03
CDA,CDA06R-04
CDA,CDA07B-01
CDA,CDA07R-01
CDA,CDA08B-01
CDA,CDA09VB-01
CDB,CDB01BVB-01
CDB,CDB01VB-01
CDB,CDB01YB-01
CDB,CDB02R-01
CDB,CDB02VB-01
CDB,CDB03VB-01
CDB,CDB03YB-01
CDB,CDB05VB-01
CDB,CDB06VB-01
CDB,CDB07R-01
CDB,CDB07VB-01
CDB,CDB08B-01
CDB,CDB08VB-01
CNA,CNA01R-01
CNA,CNA01VB-01
CNA,CNA02R-01
CNA,CNA02VB-01
CNA,CNA03R-01
CNA,CNA03R-02
CNA,CNA03R-03
CNA,CNA03R-11
CNA,CNA03VB-01
CNA,CNA04VB-01
CNA,CNA05R-01
CNA,CNA05R-02
CNA,CNA05VB-01
CNA,CNA06R-01
CNA,CNA06VB-01
CNA,CNA07VB-01
CNA,CNA08R-01
CNA,CNA08VB-01
CNA,CNA09VB-01
CNA,CNA10VB-01
CON,CON01R-02
CON,CON01VB-01
CON,CON02R-01
CON,CON02VB-01
CON,CON04VB-01
CON,CON05R-01
CON,CON05R-03
CON,CON05VB-01
HKA,HKA01R-01
HKA,HKA01R-02
HKA,HKA01R-03
HKA,HKA01R-04
HKA,HKA01VB-01
HKA,HKA02VB-01
HKA,HKA02YB-01
HKA,HKA03R-01
HKA,HKA03R-02
HKA,HKA03R-11
HKA,HKA03R-12
HKA,HKA03VB-01
HKA,HKA03YB-01
HKA,HKA04VB-01
HKA,HKA06VB-01
HKA,HKA07VB-01
HKA,HKA08R-02
HKA,HKA08VB-01
IBU,IBU01VB-01
IBU,IBU02VB-01
IBU,IBU03VB-01
IBU,IBU04R-01
IBU,IBU04R-02
IBU,IBU04VB-01
IBU,IBU05R-01
IBU,IBU05R-02
IBU,IBU05VB-01
IBU,IBU1YB-01
KBG,KBG01R-01
KBG,KBG01VB-01
KBG,KBG02VB-01
KBG,KBG03VB-01
KBG,KBG04R-01
KBG,KBG04R-02
KBG,KBG04R-03
KBG,KBG04VB-01
KBG,KBG05R-01
KSR,KSR02BVB-01
KSR,KSR02VB-01
KSR,KSR03R-01
KSR,KSR03R-02
KSR,KSR03R-03
KSR,KSR03VB-01
KSR,KSR04R-01
KSR,KSR04VB-01
KSR,KSR05VB-01
KSR,KSR06R-01
KSR,KSR06R-02
KSR,KSR06VB-01
KSR,KSR07R-01
KSR,KSR07R-02
KSR,KSR07R-03
KSR,KSR07R-11
KSR,KSR07R-21
KSR,KSR07VB-01
KSR,KSR08R-01
KSR,KSR08R-02
KSR,KSR08R-03
KSR,KSR08R-04
KSR,KSR08VB-01
KSR,KSR09R-01
KSR,KSR09R-02
KSR,KSR09VB-01
KSR,KSR10R-01/001
KSR,KSR10VB-01
LAA,LAA00BVB-01
LAA,LAA02R-01
LAA,LAA02R-01/002
LAA,LAA02R-02
LAA,LAA02VB-01
LAA,LAA03R-01
LAA,LAA03R-02
LAA,LAA03R-03
LAA,LAA03VB-01
LAA,LAA04R-01
LAA,LAA05VB-01
LAA,LAA05YB-01
LAA,LAA06R-01
LAA,LAA06R-02
LAA,LAA06R-03
LAA,LAA06R-04
LAA,LAA06R-05
LAA,LAA06R-06
LAA,LAA06VB-01
LAA,LAA07R-01
LAA,LAA07R-02
LAA,LAA07VB-01
LAA,LAA08R-01
LAA,LAA08VB-01
LAA,LAA09R-01
LAA,LAA09R-02
LAA,LAA09R-03
LAA,LAA09VB-01
LAA,LAA10VB-01
LBA,LBA01B-01
LBA,LBA02B-01
LBA,LBA03B-01
LBA,LBA03R-01
LBA,LBA04B-01
LBA,LBA05VB-01
LBA,LBA06B-01
LBA,LBA06R-01
LBA,LBA07B-01
LBA,LBA08B-01
LBA,LBA08R-01
LBA,LBA08R-02
LBA,LBA08R-03
LBA,LBA09B-01
LBA,LBA09R-01
LBA,LBA09R-02
LBB,LBB01B-01
LBB,LBB02B-01
LBB,LBB03B-01
LBB,LBB03R-01
LBB,LBB04B-01
LBB,LBB05B-01
LBB,LBB06B-01
LBB,LBB07VB-01
LBB,LBB08B-01
LBC,LBC01BVB-01
LBC,LBC01VB-01
LBC,LBC02VB-01
LBC,LBC03VB-01
LBC,LBC04VB-01
LBC,LBC05VB-01
LOA,LOA01R-01
LOA,LOA01R-02
LOA,LOA01VB-01
LOA,LOA01YB-01
LOA,LOA02R-01
LOA,LOA02R-02
LOA,LOA02VB-01
LOA,LOA03R-01
LOA,LOA03R-02
LOA,LOA03R-03
LOA,LOA03VB-01
LOA,LOA04R-01
LOA,LOA04VB-01
LOA,LOA05R-01
LOA,LOA05VB-01
LOA,LOA06VB-01
LOA,LOA07VB-01
LOA,LOA08VB-01
LOK,LOK01R-01
LOK,LOK01VB-01
LOK,LOK02VB-01
LOK,LOK03VB-01
LOK,LOK04VB-01
LOK,LOK05R-01
LOK,LOK05VB-01
MRA,MRA01B-01
MRA,MRA01R-01
MRA,MRA01R-02
MRA,MRA01R-03
MRA,MRA01YB-01
MRA,MRA02B-01
MRA,MRA03B-01
MRA,MRA04R-01
MRA,MRA04R-02
MRA,MRA04R-03
MRA,MRA04VB-01
MRA,MRA05R-01
MRA,MRA05VB-01
MRA,MRA06B-01
MRA,MRA06R-01
MRA,MRA06R-02
MRA,MRA07B-01
MRA,MRA08B-01
MRA,MRA09B-01
MRA,MRA10B-01
MRA,MRA10BR-01
MRA,MRABVB-01
NCH,NCH01R-01
NCH,NCH01R-02
NCH,NCH01R-03
NCH,NCH01R-04
NCH,NCH01R-05
NCH,NCH01VB-01
NCH,NCH02VB-01
NCH,NCH03R-01
NCH,NCH03R-02
NCH,NCH03R-03
NCH,NCH03R-08
NCH,NCH03VB-01
NCH,NCH04R-01
NCH,NCH04R-02
NCH,NCH04VB-01
NCH,NCH05VB-01
NCH,NCH06R-01
NCH,NCH06R-02
NCH,NCH06R-03
NCH,NCH06R-04
NCH,NCH06VB-01
NCH,NCH09R-01
NCH,NCH09R-02
NCH,NCH09R-03
NCH,NCH09VB-01
NOA,NOA04VB-01
NOB,NOB01R-01
NOB,NOB01R-02
NOB,NOB01R-03
NOB,NOB01VB-01
NOB,NOB02R-01
NOB,NOB02R-02
NOB,NOB02R-03
NOB,NOB02VB-01
NOB,NOB03R-01
NOB,NOB03R-02
NOB,NOB03R-03
NOB,NOB03R-04
NOB,NOB03R-05
NOB,NOB03VB-01
NOB,NOB04R-01
NOB,NOB04R-02
NOB,NOB04R-03
NOB,NOB04VB-01
NOB,NOB05R-01
NOB,NOB05R-02
NOB,NOB05R-03
NOB,NOB05VB-01
NSA,NSA01VB-01
NSA,NSA02R-02
NSA,NSA02VB-01
NSA,NSA03R-01
NSA,NSA03VB-01
NSA,NSA04R-01
NSA,NSA04VB-01
NSA,NSA05R-01
NSA,NSA05R-02
NSA,NSA05VB-01
NSA,NSA06VB-01
NSA,NSA07VB-01
NSA,NSA08VB-01
NSA,NSA09VB-01
NSA,NSA10VB-01
NSA,NSA11VB-01
NSB,NSB01BVB-01
NSB,NSB01R-01
NSB,NSB01VB-01
NSB,NSB02R-01
NSB,NSB02R-02
NSB,NSB02R-03
NSB,NSB02VB-01
NSB,NSB03R-01
NSB,NSB03VB-01
NSB,NSB04R-01
NSB,NSB04R-02
NSB,NSB04VB-01
NSB,NSB05VB-01
NSB,NSB06VB-01
NSB,NSB07VB-01
NSB,NSB08R-01
NSB,NSB08R-02
NSB,NSB08R-03
NSB,NSB08VB-01
NSB,NSB09R-01
NSB,NSB09VB-01
NSB,NSB10R-01
NSB,NSB10VB-01
NSU,NSU01VB-01
NSU,NSU02R-01
NSU,NSU02VB-01
NSU,NSU03VB-01
NSU,NSU04R-01
NSU,NSU04VB-01
NSU,NSU05VB-01
PEA,PEA01B-01
PEA,PEA01R-02
PEA,PEA01R-04
PEA,PEA02B-01
PEA,PEA02R-01
PEA,PEA03B-01
PEA,PEA03R-01
PEA,PEA04B-01
PEA,PEA04R-01
PEA,PEA04R-02
PEA,PEA04R-06
PEA,PEA04R-08
PEA,PEA05B-01
PEA,PEA05R-01
PEA,PEA06B-01
PEA,PEA07B-01
PEA,PEA08B-01
PEA,PEA08R-01
PEA,PEA08R-02
PEA,PEA08R-04
PEA,PEABVB-01
PEU,PEU01BR-01
PEU,PEU05B-01
PEU,PEU05BR-01
PEU,PEU0VR-05
PEU,PEU1VB-01
PEU,PEU5VR-01
PJA,PJA03VB-01
PJA,PJA04B-01
PJA,PJA07VB-01
PJA,PJA08VB-01
PJB,PJB01YB-01
PKE,PKE01YB-01
PKE,PKE1YB-
PRI,PRI01VB-01
PRI,PRI02VB-01
PRI,PRI03VB-01
PRI,PRI04VB-01
PRI,PRI05VB-01
PRI,PRI06R-01
PRI,PRI06VB-01
PRI,PRI07VB-01
PRI,PRI08VB-01
PSN,PSN03VB-01
PSN,PSN04VB-01
PXA,PXA01VB-01
PXA,PXA02R-01
PXA,PXA02VB-01
PXA,PXA03R-01
PXA,PXA03VB-01
PXA,PXA03YB-01
PXA,PXA04VB-01
PXA,PXA05VB-01
PXA,PXA06VB-01
PXA,PXA07R-01
PXA,PXA07VB-01
PXA,PXA08VB-01
PXA,PXA09VB-01
PXA,PXA10VB-01
SBA,SBA01BR-01
SBA,SBA01YB-01
SBA,SBA02B-01
SBA,SBA02R-01
SBA,SBA03B-01
SBA,SBA04B-01
SBA,SBA04R-01
SBA,SBA05B-01
SBA,SBA05R-01
SBA,SBA05R-02
SBA,SBA06B-01
SBA,SBA06R-01
SBA,SBA07B-01
SBA,SBA08B-01
SBA,SBA08R-01
SBA,SBA09B-01
SBA,SBA09R-01
SBA,SBA10BR-01
SZA,SZA04VB-01
SZA,SZA05VB-01
TCA,TCA01B-01
TCA,TCA02B-01
TCA,TCA02R-01
TCA,TCA02R-02
TCA,TCA04B-01
TCA,TCA04VB-01
TCA,TCA05B-01
TCA,TCA06B-01
TCA,TCA06R-01
TCA,TCA06R-02
TCA,TCA07B-01
TCA,TCA08B-01
TCA,TCA08VB-01
TKB,TKB01B-01
TKB,TKB02B-01
TKB,TKB02R-01
TKB,TKB03B-01
TKB,TKB03R-01
TKB,TKB03R-02
TKB,TKB04B-01
TKB,TKB04R-01
TKB,TKB04R-02
TKB,TKB04R-03
TKB,TKB04R-04
TKB,TKB04R-05
TKB,TKB05B-01
TKB,TKB05R-01
TKB,TKB05R-02
TKB,TKB05R-03
TKB,TKB05R-04
TKB,TKB05R-05
TKB,TKB05R-06
TKB,TKB06B-01
TKB,TKB07B-01
TKB,TKB07R-01
TKB,TKB07R-02
TKB,TKB08B-01
TKB,TKB08VB-01
TWA,TWA01YB-01
TWA,TWA02YB-01
TWA,TWA02YB-02
TWA,TWA1YB-02
TWA,TWA3YB-01
TWA,TWA3YB-02
UAA,UAA01VB-01
UAA,UAA02R-01
UAA,UAA02R-01/001
UAA,UAA02R-02
UAA,UAA02R-02/001
UAA,UAA02R-03
UAA,UAA02R-11
UAA,UAA02R-21
UAA,UAA02VB-01
UAA,UAA03VB-01
UAA,UAA03YB-01
UAA,UAA04R-01
UAA,UAA04VB-01
UAA,UAA05R-01
UAA,UAA05R-02
UAA,UAA05R-03
UAA,UAA05R-04
UAA,UAA05R-05
UAA,UAA05R-06
UAA,UAA05VB-01
UAA,UAA06R-01
UAA,UAA06VB-01
UAA,UAA07VB-01
UAA,UAA08VB-01
UAA,UAA09R-01
UAA,UAA09R-02
UAA,UAA09R-03
UAA,UAA09VB-01
UAA,UAA10VB-01
WIR,WIR01BVB-01
WIR,WIR01R-01
WIR,WIR01R-02
WIR,WIR01VB-01
WIR,WIR02R-01
WIR,WIR02R-02
WIR,WIR02R-03
WIR,WIR02R-04
WIR,WIR02VB-01
WIR,WIR03R-01
WIR,WIR03VB-01
WIR,WIR04R-01
WIR,WIR04R-03
WIR,WIR04VB-01
WIR,WIR05VB-01
WIR,WIR08VB-01
WIR,WIR1BVB-01